row_id,config,base_ns_per_resize,avx2_ns_per_resize,speedup
r0,256x256->128x128 uint8/4ch,83986.0,55722.0,1.5072
r1,256x256->256x256 uint8/4ch,63712.0,46370.0,1.3740
r2,256x256->512x512 uint8/4ch,386148.0,287223.0,1.3444
r3,256x256->512x512 uint8/4ch,219696.0,170569.0,1.2880
r4,256x256->512x512 uint8/rgb,342152.0,229489.0,1.4909
r5,256x256->512x512 uint8/1ch,139121.0,113807.0,1.2224
r6,256x256->512x512 float/4ch,344260.0,293108.0,1.1745
r7,256x256->128x128 float/4ch,78515.0,55983.0,1.4025
r8,1024x1024->64x64 uint8/4ch,1197674.0,765615.0,1.5643
r9,1024x1024->256x256 uint8/4ch,1110673.0,892070.0,1.2451
r10,1024x1024->512x512 uint8/4ch,1336240.0,1067768.0,1.2514
r11,1024x1024->2048x2048 uint8/4ch,6403416.0,5123399.0,1.2498
r12,1024x1024->1024x1024 float/4ch,1508364.0,1266822.0,1.1907
r13,256x256->512x512 half/4ch,640450.0,642238.0,0.9972
r14,256x256->128x128 half/4ch,141374.0,141247.0,1.0009
r15,256x256->512x512 uint16/4ch,391325.0,285818.0,1.3691
r16,256x256->128x128 uint16/4ch,91166.0,64103.0,1.4222
r17,256x256->512x512 uint8/rgba,787114.0,618782.0,1.2720
r18,256x256->128x128 uint8/rgba,166787.0,130313.0,1.2799
r19,256x256->512x512 uint8/rgba_pm,621935.0,278287.0,2.2349
r20,256x256->128x128 uint8/rgba_pm,83968.0,55799.0,1.5048
r21,256x256->512x512 uint8/rgba,1083430.0,966814.0,1.1206
r22,256x256->128x128 uint8/rgba,206792.0,179360.0,1.1529
GEOMEAN,non-half rows,,,1.3491
