row_id,input_w,input_h,out_w,out_h,type,layout,filter,upstream_ns_per_resize,fork_ns_per_resize,speedup
r0,256,256,128,128,uint8,4ch,default,85230.0,54012.0,1.5780
r1,256,256,256,256,uint8,4ch,default,63406.0,40405.0,1.5693
r2,256,256,512,512,uint8,4ch,default,386806.0,277063.0,1.3961
r3,256,256,512,512,uint8,4ch,point,221855.0,147638.0,1.5027
r4,256,256,512,512,uint8,rgb,default,329250.0,212887.0,1.5466
r5,256,256,512,512,uint8,1ch,default,140570.0,107698.0,1.3052
r6,256,256,512,512,float,4ch,default,562528.0,458683.0,1.2264
r7,256,256,128,128,float,4ch,default,78184.0,55053.0,1.4202
r8,1024,1024,64,64,uint8,4ch,default,1219668.0,762095.0,1.6004
r9,1024,1024,256,256,uint8,4ch,default,1128588.0,873919.0,1.2914
r10,1024,1024,512,512,uint8,4ch,default,1355113.0,1032571.0,1.3124
r11,1024,1024,2048,2048,uint8,4ch,default,6647879.0,5025763.0,1.3228
r12,1024,1024,1024,1024,float,4ch,default,1446427.0,1293720.0,1.1180
r13,256,256,512,512,half,4ch,default,718560.0,647240.0,1.1102
r14,256,256,128,128,half,4ch,default,153571.0,140788.0,1.0908
r15,256,256,512,512,uint16,4ch,default,451611.0,272783.0,1.6556
r16,256,256,128,128,uint16,4ch,default,95584.0,62932.0,1.5188
r17,256,256,512,512,uint8,rgba,default,788369.0,595717.0,1.3234
r18,256,256,128,128,uint8,rgba,default,165687.0,123141.0,1.3455
r19,256,256,512,512,uint8,rgba_pm,default,386398.0,267558.0,1.4442
r20,256,256,128,128,uint8,rgba_pm,default,85054.0,54226.0,1.5685
r21,256,256,512,512,uint8,rgba,default,1068689.0,953651.0,1.1206
r22,256,256,128,128,uint8,rgba,default,204335.0,168137.0,1.2153
GEOMEAN,,,,,,,,,,1.3623
UPSAMPLE_GEOMEAN,,,,,,,,,,1.3495
DOWNSAMPLE_GEOMEAN,,,,,,,,,,1.3842
