row_id,input_w,input_h,out_w,out_h,type,layout,edge,filter,iters,ns_per_resize,ns_per_outpixel,Mpx_per_s
r0,256,256,128,128,uint8,4ch,clamp,default,400,85208.0,5.2007,192.3
r1,256,256,256,256,uint8,4ch,clamp,default,400,66116.0,1.0089,991.2
r2,256,256,512,512,uint8,4ch,clamp,default,150,387733.0,1.4791,676.1
r3,256,256,512,512,uint8,4ch,clamp,point,300,222870.0,0.8502,1176.2
r4,256,256,512,512,uint8,rgb,clamp,default,150,329203.0,1.2558,796.3
r5,256,256,512,512,uint8,1ch,clamp,default,150,140834.0,0.5372,1861.4
r6,256,256,512,512,float,4ch,clamp,default,100,561654.0,2.1425,466.7
r7,256,256,128,128,float,4ch,clamp,default,250,78894.0,4.8153,207.7
r8,1024,1024,64,64,uint8,4ch,clamp,default,250,1219435.0,297.7136,3.4
r9,1024,1024,256,256,uint8,4ch,clamp,default,200,1127672.0,17.2069,58.1
r10,1024,1024,512,512,uint8,4ch,clamp,default,120,1354894.0,5.1685,193.5
r11,1024,1024,2048,2048,uint8,4ch,clamp,default,20,6583531.0,1.5696,637.1
r12,1024,1024,1024,1024,float,4ch,clamp,default,30,1394461.0,1.3299,752.0
r13,256,256,512,512,half,4ch,clamp,default,100,720519.0,2.7486,363.8
r14,256,256,128,128,half,4ch,clamp,default,250,153688.0,9.3804,106.6
r15,256,256,512,512,uint16,4ch,clamp,default,100,449396.0,1.7143,583.3
r16,256,256,128,128,uint16,4ch,clamp,default,250,95485.0,5.8279,171.6
r17,256,256,512,512,uint8,rgba,clamp,default,80,789299.0,3.0109,332.1
r18,256,256,128,128,uint8,rgba,clamp,default,200,166069.0,10.1360,98.7
r19,256,256,512,512,uint8,?,clamp,default,120,387514.0,1.4782,676.5
r20,256,256,128,128,uint8,?,clamp,default,250,85173.0,5.1985,192.4
r21,256,256,512,512,uint8,rgba,clamp,default,80,1068782.0,4.0771,245.3
r22,256,256,128,128,uint8,rgba,clamp,default,200,203437.0,12.4168,80.5
